genome_id	ncbi_biosample_accession_id	ncbi_lat_lon	lat_lon	date	ncbi_bioproject	domain	phylum	class	order	family	genus	species	collection_date	geographic_location_harmonized	host_harmonized	isolation_source_harmonized	project_name	env_broad_med_local	misc_attributes
RS_GCF_009893615.1	SAMN11945499	42.36 N 71.06 W	42.36 N 71.06 W	2016-01-15	PRJNA224116	d__Bacteria	p__Bacillota	c__Bacilli	o__Lactobacillales	f__Enterococcaceae	g__Enterococcus_B	s__Enterococcus_B hirae	2016-01-15	USA:Boston	Homo sapiens			bodily fluid material biome [ENVO:02000019] | excreta material [ENVO:02000022] | fecal material [ENVO:00002003]	
GB_GCA_015521725.1	SAMN12837274	34.86111866 S 179.0576651 E	34.86111866 S 179.0576651 E	2018-03	PRJNA546572	d__Archaea	p__Thermoproteota	c__Thermoprotei_A	o__Sulfolobales	f__WAQK01	g__WAQK01	s__WAQK01 sp015520265	2018-03	Pacific Ocean		deep-sea hydrothermal deposit		marine hydrothermal vent biome [ENVO:01000030] | marine hydrothermal vent [ENVO:01000122] | deep-sea hydrothermal deposit	[depth] 1599.49 --- [derived_from] This BioSample is a metagenomic assembly obtained from the hydrothermal vent metagenome BioSample: SAMN12239309 --- [environmental-sample] 1 --- [isolate] S141_81 --- [metagenome-source] hydrothermal vent metagenome --- [metagenomic] 1 --- [sample_type] metagenomic assembly
GB_GCA_018646025.1	SAMN14913844	48.36 N 123.30 W	48.36 N 123.30 W	2009-06-16	PRJNA630981	d__Bacteria	p__Marinisomatota	c__Marinisomatia	o__Marinisomatales	f__UBA1611	g__JABHGY01	s__JABHGY01 sp018658715	2009-06-16	Canada: Vancouver, Saanich Inlet		hypoxic seawater		marine biome [ENVO:00000447]	[biomaterial_provider] Steven J Hallam --- [depth] 10-200 m --- [derived-from] This BioSample is a metagenomic assembly obtained from the Saanich Inlet SI034_S3 metagenome BioSample: SAMN14850017 --- [envrionmental-sample] 1 --- [identified_by] Heyu Lin --- [isolate] SI034_bin28 --- [metagenome-source] marine metagenome --- [metagenomic] 1 --- [sample_type] metagenomic assembly
GB_GCA_018692675.1	SAMN14914242	48.33 N 123.32 W	48.33 N 123.32 W	2009-09-01	PRJNA630981	d__Bacteria	p__Patescibacteria	c__Microgenomatia	o__UBA1400	f__PJMF01	g__JABBGTR01	s__JABBGTR01 sp018646985	2009-09-01	Canada: Vancouver, Saanich Inlet		hypoxic seawater		marine biome [ENVO:00000447]	[biomaterial_provider] Steven J Hallam --- [depth] 100-200 m --- [derived-from] This BioSample is a metagenomic assembly obtained from the Saanich Inlet SI037_S2 metagenome BioSample: SAMN14850019 --- [envrionmental-sample] 1 --- [identified_by] Heyu Lin --- [isolate] SI037S2_bin28 --- [metagenome-source] marine metagenome --- [metagenomic] 1 --- [sample_type] metagenomic assembly
GB_GCA_018693875.1	SAMN14914290	48.33 N 123.32 W	48.33 N 123.32 W	2009-09-01	PRJNA630981	d__Bacteria	p__Patescibacteria	c__Gracilibacteria	o__Peribacterales	f__Peribacteraceae	g__JABGQH01	s__JABGQH01 sp018648865	2009-09-01	Canada: Vancouver, Saanich Inlet		hypoxic seawater		marine biome [ENVO:00000447]	[biomaterial_provider] Steven J Hallam --- [depth] 100-200 m --- [derived-from] This BioSample is a metagenomic assembly obtained from the Saanich Inlet SI037_S2 metagenome BioSample: SAMN14850019 --- [envrionmental-sample] 1 --- [identified_by] Heyu Lin --- [isolate] SI037S2_bin71 --- [metagenome-source] marine metagenome --- [metagenomic] 1 --- [sample_type] metagenomic assembly
GB_GCA_018653165.1	SAMN14914656	48.36 N 123.30 W	48.36 N 123.30 W	2010-08-11	PRJNA630981	d__Bacteria	p__Pseudomonadota	c__Gammaproteobacteria	o__Pseudomonadales	f__HTCC2089	g__UBA9659	s__UBA9659 sp018665025	2010-08-11	Canada: Vancouver, Saanich Inlet		hypoxic seawater		marine biome [ENVO:00000447]	[biomaterial_provider] Steven J Hallam --- [depth] 10-200 m --- [derived-from] This BioSample is a metagenomic assembly obtained from the Saanich Inlet SI048_S3 metagenome BioSample: SAMN14850024 --- [envrionmental-sample] 1 --- [identified_by] Heyu Lin --- [isolate] SI048_bin112 --- [metagenome-source] marine metagenome --- [metagenomic] 1 --- [sample_type] metagenomic assembly
GB_GCA_018698075.1	SAMN14915023	48.36 N 123.30 W	48.36 N 123.30 W	2011-08-10	PRJNA630981	d__Bacteria	p__Pseudomonadota	c__Gammaproteobacteria	o__Arenicellales	f__UBA868	g__UBA868	s__UBA868 sp018698075	2011-08-10	Canada: Vancouver, Saanich Inlet		hypoxic seawater		marine biome [ENVO:00000447]	[biomaterial_provider] Steven J Hallam --- [depth] 100-200 m --- [derived-from] This BioSample is a metagenomic assembly obtained from the Saanich Inlet SI060_S3 metagenome BioSample: SAMN14850027 --- [envrionmental-sample] 1 --- [identified_by] Heyu Lin --- [isolate] SI060_bin51 --- [metagenome-source] marine metagenome --- [metagenomic] 1 --- [sample_type] metagenomic assembly
GB_GCA_018665815.1	SAMN14915383	48.36 N 123.30 W	48.36 N 123.30 W	2012-08-28	PRJNA630981	d__Bacteria	p__Pseudomonadota	c__Alphaproteobacteria	o__Rhodospirillales_A	f__Casp-alpha2	g__UBA3470	s__UBA3470 sp018665815	2012-08-28	Canada: Vancouver, Saanich Inlet		hypoxic seawater		marine biome [ENVO:00000447]	[biomaterial_provider] Steven J Hallam --- [depth] 10-200 m --- [derived-from] This BioSample is a metagenomic assembly obtained from the Saanich Inlet SI073_S3 metagenome BioSample: SAMN14850029 --- [envrionmental-sample] 1 --- [identified_by] Heyu Lin --- [isolate] SI073_bin34 --- [metagenome-source] marine metagenome --- [metagenomic] 1 --- [sample_type] metagenomic assembly
GB_GCA_020632575.1	SAMN15687796	22.38 N 114.20 E	22.38 N 114.20 E	2019-02	PRJNA648801	d__Bacteria	p__OLB16	c__OLB16	o__OLB16	f__OLB16	g__JACKFH01	s__JACKFH01 sp020632575	2019-02	China: Hong Kong Special Administrative Region		activated sludge from Hong Kong Shatin wastewater treatment plant		wastewater | waste treatment plant [ENVO:00002272] | sewage plant [ENVO:00003043]	[derived-from] This BioSample is a metagenomic assembly obtained from the Activated sludge metagenome BioSample:SAMN15648910 --- [environmental-sample] 1 --- [isolate] HK-STAS-OLB16-2 --- [metagenome-source] activated sludge metagenome --- [metagenomic] 1 --- [sample-type] metagenomic assembly
GB_GCA_024234575.1	SAMN15688044	22.38 N 114.20 E	22.38 N 114.20 E	2019-02	PRJNA648801	d__Bacteria	p__Pseudomonadota	c__Gammaproteobacteria	o__Pseudomonadales	f__Oleiphilaceae	g__JACKOB01	s__JACKOB01 sp024234575	2019-02	China: Hong Kong Special Administrative Region		activated sludge from Hong Kong Shatin wastewater treatment plant		wastewater | waste treatment plant [ENVO:00002272] | sewage plant [ENVO:00003043]	[derived-from] This BioSample is a metagenomic assembly obtained from the Activated sludge metagenome BioSample:SAMN15648910 --- [environmental-sample] 1 --- [isolate] HK-STAS-PROT-159 --- [metagenome-source] activated sludge metagenome --- [metagenomic] 1 --- [sample-type] metagenomic assembly
GB_GCA_016717205.1	SAMN16426433	55.329053 N 8.74336 E	55.329053 N 8.74336 E	2018-08-29	PRJNA629478	d__Bacteria	p__Chloroflexota	c__Anaerolineae	o__Aggregatilineales	f__Phototrophicaceae	g__OLB15	s__OLB15 sp016717205	2018-08-29	Denmark: Ribe		activated sludge from Ribe_18-Q3-R11-54		aquatic biome [ENVO:00002030] | Waste Water [ENVO:00002001] | Activated Sludge [ENVO:00002046]	[derived-from] This BioSample is a metagenomic assembly obtained from the Ribe_18-Q3-R11-54 activated sludge metagenome BioSample: SAMN14825723. --- [environmental-sample] 1 --- [isolate] Ribe_BATAC.253 --- [metagenome-source] activated sludge metagenome --- [metagenomic] 1 --- [sample-type] metagenomic assembly --- [type-material] reference material of Candidatus Flexifilum breve
GB_GCA_016721935.1	SAMN16426462	56.565132 N 9.042158 E	56.565132 N 9.042158 E	2018-09-07	PRJNA629478	d__Bacteria	p__Gemmatimonadota	c__Gemmatimonadetes	o__Gemmatimonadales	f__Gemmatimonadaceae	g__SCN-70-22	s__SCN-70-22 sp016719105	2018-09-07	Denmark: Skive		activated sludge from Skiv_18-Q3-R9-52		aquatic biome [ENVO:00002030] | Waste Water [ENVO:00002001] | Activated Sludge [ENVO:00002046]	[derived-from] This BioSample is a metagenomic assembly obtained from the Skiv_18-Q3-R9-52 activated sludge metagenome BioSample: SAMN14825726. --- [environmental-sample] 1 --- [isolate] Skiv_18-Q3-R9-52_BAT3C.167 --- [metagenome-source] activated sludge metagenome --- [metagenomic] 1 --- [sample-type] metagenomic assembly
GB_GCA_016720475.1	SAMN16426554	56.126497 N 10.141274 E	56.126497 N 10.141274 E	2018-08-29	PRJNA629478	d__Bacteria	p__Pseudomonadota	c__Gammaproteobacteria	o__Burkholderiales	f__Burkholderiaceae_B	g__JAAFJR01	s__JAAFJR01 sp016705065	2018-08-29	Denmark: Viby		activated sludge from Viby_18-Q3-R106-67		aquatic biome [ENVO:00002030] | Waste Water [ENVO:00002001] | Activated Sludge [ENVO:00002046]	[derived-from] This BioSample is a metagenomic assembly obtained from the Viby_18-Q3-R106-67 activated sludge metagenome BioSample: SAMN14825732. --- [environmental-sample] 1 --- [isolate] Viby_18-Q3-R106-67_BAT3C.243 --- [metagenome-source] activated sludge metagenome --- [metagenomic] 1 --- [sample-type] metagenomic assembly
GB_GCA_015978185.1	SAMN16453240	40.807051 N 14.168539 E	40.807051 N 14.168539 E	2018-05-02	PRJNA669418	d__Bacteria	p__Pseudomonadota	c__Alphaproteobacteria	o__Caulobacterales	f__Maricaulaceae	g__Oceanicaulis	s__Oceanicaulis alexandrii	2018-05-02	Italy: Gulf of Naples		marine sediment		ENVO:00000428 | ENVO:00000486 | ENVO:00010483	[depth] 6 --- [derived from] This biosample is a metagenomic assembly obtained from the marine sediment metagenome sample SAMN16725106 --- [elev] -6 --- [environmental_sample] True --- [isolate] NP7 --- [metagenome-source] marine sediment metagenome --- [metagenomic] True --- [sample_type] metagenomic assembly
GB_GCA_016880205.1	SAMN16786674	35.97 N 84.36 W	35.97 N 84.36 W	2018-01-19	PRJNA670906	d__Bacteria	p__Nitrospirota	c__Nitrospiria	o__Nitrospirales	f__Nitrospiraceae	g__Palsa-1315	s__Palsa-1315 sp016219645	2018-01-19	USA: Oak Ridge National Lab East Fork Poplar Creek (EFPC) study site		sediment from a natural stream that has been contaminated with Hg from upstream sources		ENVO:00000428 | ENVO:01001049 | ENVO:00010483	[depth] 0-12 cm depth --- [derived-from] This BioSample is a metagenomic assembly obtained from the sediment metagenome BioSample: SAMN16523180 --- [environmental-sample] 1 --- [isolate] EFPC_84 --- [metagenome-source] sediment metagenome --- [metagenomic] 1 --- [sample-type] metagenomic assembly
GB_GCA_023450955.1	SAMN17045022	1.45583 S 48.50444 W	1.45583 S 48.50444 W	2020-02-01	PRJNA682348	d__Bacteria	p__Bacteroidota	c__Bacteroidia	o__Bacteroidales	f__Tannerellaceae	g__Parabacteroides	s__Parabacteroides distasonis	2020-02-01	Brazil: Belem	Homo sapiens	feces		ENVO:00000428 | ENVO:01001055 | ENVO_00002003	[derived_from] This BioSample is a metagenomic assembly obtained from the human gut metagenome BioSample: SAMN16988187 --- [environmental-sample] 1 --- [isolate] OH_HBB_53 --- [metagenome-source] human gut metagenome --- [metagenomic] True --- [sample-type] metagenomic assembly
GB_GCA_023445125.1	SAMN17045162	26.91944 S 49.06611 W	26.91944 S 49.06611 W	2020-02-01	PRJNA682348	d__Bacteria	p__Bacillota_A	c__Clostridia	o__Oscillospirales	f__Ruminococcaceae	g__UBA1394	s__UBA1394 sp900538575	2020-02-01	Brazil: Blumenau	Homo sapiens	feces		ENVO:00000428 | ENVO:01001055 | ENVO_00002003	[derived_from] This BioSample is a metagenomic assembly obtained from the human gut metagenome BioSample: SAMN16988188 --- [environmental-sample] 1 --- [isolate] OH_HBlB_278 --- [metagenome-source] human gut metagenome --- [metagenomic] True --- [sample-type] metagenomic assembly
GB_GCA_023438645.1	SAMN17045289	22.9527 S 46.54418 W	22.9527 S 46.54418 W	2020-02-01	PRJNA682348	d__Bacteria	p__Bacillota_A	c__Clostridia	o__Oscillospirales	f__CAG-272	g__UMGS1312	s__UMGS1312 sp900550625	2020-02-01	Brazil: Braganca	Homo sapiens	feces		ENVO:00000428 | ENVO:01001055 | ENVO_00002003	[derived_from] This BioSample is a metagenomic assembly obtained from the human gut metagenome BioSample: SAMN16988189 --- [environmental-sample] 1 --- [isolate] OH_HBrB_224 --- [metagenome-source] human gut metagenome --- [metagenomic] True --- [sample-type] metagenomic assembly
RS_GCF_018612855.1	SAMN18299031	23.5020 S 67.7237 W	23.5020 S 67.7237 W	2017-04	PRJNA224116	d__Bacteria	p__Pseudomonadota	c__Gammaproteobacteria	o__Xanthomonadales	f__Xanthomonadaceae	g__Lysobacter	s__Lysobacter sp018612875	2017-04	Chile: Atacama Desert, between Atacama Salar and Lajia lagoon				arid biome[ENVO:01001838] | slope[ENVO:00002000]|vegetation layer[ENVO:01000355] | steppe soil[ENVO:00005777]|soil organic matter[ENVO:04000008]	"[depth] 10cm --- [elev] 4480 masl --- [isol_growth_condt] PMID: 30805333 --- [lab_internal_id] ISL52 --- [ref_biomaterial] Gonzales et al ""Genomic analysis provides insights into the functional capacity of soil bacteria communities inhabiting an altitudinal gradient in the Atacama Desert."" Microbiome Journal"
GB_GCA_019420925.1	SAMN19225118	37.54580972 N 126.99330531 E	37.54580972 N 126.99330531 E	2019	PRJNA678426	d__Bacteria	p__Bacteroidota	c__Bacteroidia	o__Bacteroidales	f__Bacteroidaceae	g__Bacteroides	s__Bacteroides cutis	2019	South Korea: Seoul	Homo sapiens	feces		Human gut microbiome | Human feces | ENVO:00002595	[derived-from] This BioSample is a metagenomic assembly obtained from the human gut metagenome BioSample: SAMN16796209 --- [environmental-sample] 1 --- [isolate] HRGM_Genome_3057 --- [metagenome-source] human gut metagenome --- [metagenomic] 1 --- [sample-type] metagenomic assembly --- [srr accession of physical sample] SRR13060984
GB_GCA_019415545.1	SAMN19225300	35.68099174 N 139.76901295 E	35.68099174 N 139.76901295 E	2019	PRJNA730993	d__Bacteria	p__Bacillota_A	c__Clostridia	o__Lachnospirales	f__Lachnospiraceae	g__Acetatifactor	s__Acetatifactor stercoripullorum	2019	Japan	Homo sapiens	feces		Human gut microbiome | Human feces | ENVO:00002777	[biosample of physical sample] SAMD00114986 --- [derived-from] This BioSample is a metagenomic assembly obtained from the publicly available reads deposited in SRA accessions: DRR171930 --- [environmental-sample] 1 --- [isolate] HRGM_Genome_4023 --- [metagenome-source] human gut metagenome --- [metagenomic] 1 --- [sample-type] metagenomic assembly
GB_GCA_020844535.1	SAMN22330480	43.073847 N 89.414083 W	43.073847 N 89.414083 W	2017-07-31	PRJNA771338	d__Bacteria	p__Bacillota	c__Bacilli	o__Lactobacillales	f__Lactobacillaceae	g__Limosilactobacillus	s__Limosilactobacillus mucosae	2017-07-31	USA: Madison, WI		anaerobic bioreactor effluent		bioreactor [ENVO:00002123] | anaerobic bioreactor [ENVO:00002124] | biological waste material [ENVO:01000373]	[altitude] 287 m --- [derived-from] SAMN10864304 --- [environmental-sample] 1 --- [isolate] UW_Xyl_LAC5.1 --- [metagenome-source] bioreactor metagenome --- [metagenomic] 1 --- [ph] 5.5 --- [pressure] 1 atm --- [samp_size] 2 mL --- [samp_vol_we_dna_ext] 0.5 g --- [sample-type] metagenomic assembly --- [temp] 35
GB_GCA_022642625.1	SAMN22412382	43.073847 N 89.413972 W	43.073847 N 89.413972 W	2019-10-23	PRJNA768557	d__Bacteria	p__Pseudomonadota	c__Alphaproteobacteria	o__Acetobacterales	f__Acetobacteraceae	g__Acetobacter	s__Acetobacter sp012517935	2019-10-23	USA: Madison, WI		anaerobic bioreactor effluent; Thin stillage fed, 6 d SRT, 35C, pH 5.5		bioreactor [ENVO:00002123] | anaerobic bioreactor [ENVO:00002124] | biological waste material [ENVO:01000373]	[altitude] 287 m --- [ammonium] 1289.86 milligram per liter --- [derived-from] SAMN22064458 --- [diss_oxygen] 0 micromole per kilogram --- [environmental-sample] 1 --- [experimental_factor] Thin stillage fed, 6 d SRT, 35C, pH 5.5 --- [isolate] UW_TS_ACET2_5 --- [metagenome-source] bioreactor sludge metagenome --- [metagenomic] 1 --- [ph] 5.42 --- [ref_biomaterial] 3300043960_16 --- [rel_to_oxygen] anaerobe --- [samp_collect_device] Syringe --- [samp_mat_process] Biomass centrifuged 10 min 10,000xg, aliquot frozen for DNA extraction --- [samp_size] 1.5 milliliter --- [samp_store_loc] Freezer --- [samp_store_temp] -80 degree Celcius --- [sample-type] metagenomic assembly --- [source_material_id] R1_75 --- [temp] 35 degree Celcius
GB_GCA_003672325.1	SAMN09667288	25.5264 N 88.394 W	25.5264 N 88.394 W	2012-01-09	PRJNA481422	d__Archaea	p__Thermoplasmatota	c__Poseidoniia	o__Poseidoniales	f__Poseidoniaceae	g__MGIIa-L1	s__MGIIa-L1 sp9596u	2012-01-09	Atlantic Ocean		seawater			[bin] ERX556028.merged_b30_b31.v1 --- [depth] 5 --- [environment_biome_harmonized] marine --- [environment_feature_harmonized] (SRF) surface water layer (ENVO:00002042) --- [environment_material_harmonized] seawater --- [environmental-sample] 1 --- [isolate] 70165 --- [metagenome-source] marine metagenome --- [metagenomic] 1 --- [note] This BioSample is a metagenomic assembly obtained from the publically available TARA Oceans marine metagenome raw reads deposited in ERX556028 --- [proposed name] Poseidoniales (MGII); Poseidonaceae; genus L1 --- [sample-type] metagenomic assembly
RS_GCF_004404125.1	SAMN11180791	55.47 N 49.06 E	55.47 N 49.06 E	2006	PRJNA224116	d__Bacteria	p__Bacillota	c__Bacilli	o__Lactobacillales	f__Lactobacillaceae	g__Lactiplantibacillus	s__Lactiplantibacillus plantarum	2006	Russia				ENVO:01000313 | ENVO:01000312 | ENVO:02000043	[isol_growth_condt] https://elibrary.ru/item.asp?id=13520314 --- [ref_biomaterial] no
RS_GCF_009875165.1	SAMN11945370	42.36 N 71.06 W	42.36 N 71.06 W	2016-01-11	PRJNA224116	d__Bacteria	p__Bacillota	c__Bacilli	o__Lactobacillales	f__Enterococcaceae	g__Enterococcus_B	s__Enterococcus_B durans	2016-01-11	USA:Boston	Homo sapiens			bodily fluid material biome [ENVO:02000019] | excreta material [ENVO:02000022] | fecal material [ENVO:00002003]	
RS_GCF_008369335.1	SAMN12305748	62.09601 S 58.28464 W	62.09601 S 58.28464 W	2012	PRJNA224116	d__Bacteria	p__Bacillota	c__Bacilli	o__Bacillales	f__Planococcaceae	g__Planococcus	s__Planococcus kocurii	2012	Antarctica: King George Island, Admiralty Bay		petroleum-contaminated soil collected near the petroleum pumping and storage warehouse at the Henryk Arctowski Polish Antarctic Station		polar biome [ENVO:01000339] | island [ENVO_00000098]|coast [ENVO_01000687] | soil [ENVO_00001998]	[depth] 0.15-0.2 --- [isol_growth_condt] 30619210 --- [ref_biomaterial] 30619210
RS_GCF_020514015.1	SAMN12639276	28.01995 S 154.03263 E	28.01995 S 154.03263 E	2016-09-19	PRJNA224116	d__Bacteria	p__Cyanobacteriota	c__Cyanobacteriia	o__PCC-6307	f__Cyanobiaceae	g__Parasynechococcus	s__Parasynechococcus sp900474185	2016-09-19	Australia:Coral Sea				marine pelagic zoneENVO:00000208 | marine photic zoneENVO:00000209 | Sea water	[depth] 2 m --- [isol_growth_condt] https://aslopubs.onlinelibrary.wiley.com/doi/pdf/10.4319/lom.2007.5.353 --- [ref_biomaterial] Ecological genomics of Synechococcus and Prochlorococcus Cyanobacteria across a dynamic ocean system. Ostrowski, Varkey, Ranjit, Mazard, Moore, Paulsen.
GB_GCA_015521405.1	SAMN12837290	34.86207984 S 179.0572892 E	34.86207984 S 179.0572892 E	2018-03	PRJNA546572	d__Archaea	p__Thermoplasmatota	c__Thermoplasmata	o__Aciduliprofundales	f__Aciduliprofundaceae	g__Aciduliprofundum	s__Aciduliprofundum boonei	2018-03	Pacific Ocean		deep-sea hydrothermal deposit		marine hydrothermal vent biome [ENVO:01000030] | marine hydrothermal vent [ENVO:01000122] | deep-sea hydrothermal deposit	[depth] 1604.62 --- [derived_from] This BioSample is a metagenomic assembly obtained from the hydrothermal vent metagenome BioSample: SAMN12239310 --- [environmental-sample] 1 --- [isolate] S142_21 --- [metagenome-source] hydrothermal vent metagenome --- [metagenomic] 1 --- [sample_type] metagenomic assembly
RS_GCF_021606075.1	SAMN13196007	55.1306841 N 1.7020825 W	55.1306841 N 1.7020825 W	2017-05-15	PRJNA224116	d__Bacteria	p__Pseudomonadota	c__Gammaproteobacteria	o__Pseudomonadales	f__Pseudomonadaceae	g__Pseudomonas_E	s__Pseudomonas_E syringae_M	2017-05-15	United Kingdom: Somerset	Prunus avium			ENVO:00000114 | ENVO_00000115 | ENVO_00000115	[host_genotype] Lapins --- [isol_growth_condt] Lysogeny broth --- [plant_body_site] Leaf
GB_GCA_022794675.1	SAMN14273857	35.9396 N 83.9430 W	35.9396 N 83.9430 W	2017-11-22/2017-12-12	PRJNA603829	d__Bacteria	p__Bacillota_A	c__Clostridia	o__Lachnospirales	f__Lachnospiraceae	g__14-2	s__14-2 sp000403315	2017-11-22/2017-12-12	USA: Knoxville, TN	Mus musculus	feces extracted directly from colon		environmental system determined by an organism[ENVO_01001000]|animal-associated environment[ENVO_01001002] | digestive tract[UBERON_0001555]|colon[UBERON_0001155] | fecal material[ENVO_00002003]	[derived-from] This BioSample is a metagenomic assembly obtained from the mouse gut metagenome BioSamples: SAMN14144348,SAMN14144349,SAMN14144350,SAMN14144351,SAMN14144352,SAMN14144353,SAMN14144354,SAMN14144355,SAMN14144356,SAMN14144357,SAMN14144358,SAMN14144359,SAMN14144360,SAMN14144361,SAMN14144362,SAMN14144363,SAMN14144364,SAMN14144365 --- [environmental-sample] 1 --- [isolate] ABMPRH_239_1_2 --- [metagenome-source] mouse gut metagenome --- [metagenomic] 1 --- [sample-type] metagenomic assembly
GB_GCA_018672875.1	SAMN14914061	48.36 N 123.30 W	48.36 N 123.30 W	2009-09-01	PRJNA630981	d__Bacteria	p__Pseudomonadota	c__Alphaproteobacteria	o__Rhodospirillales_A	f__UBA2165	g__TMED23	s__TMED23 sp018649245	2009-09-01	Canada: Vancouver, Saanich Inlet		hypoxic seawater		marine biome [ENVO:00000447]	[biomaterial_provider] Steven J Hallam --- [depth] 10-200 m --- [derived-from] This BioSample is a metagenomic assembly obtained from the Saanich Inlet SI037_S3 metagenome BioSample: SAMN14850020 --- [envrionmental-sample] 1 --- [identified_by] Heyu Lin --- [isolate] SI037_bin140 --- [metagenome-source] marine metagenome --- [metagenomic] 1 --- [sample_type] metagenomic assembly
GB_GCA_018672695.1	SAMN14914101	48.36 N 123.30 W	48.36 N 123.30 W	2009-09-01	PRJNA630981	d__Bacteria	p__Pseudomonadota	c__Gammaproteobacteria	o__PS1	f__Thioglobaceae	g__Pseudothioglobus	s__Pseudothioglobus aerophilus	2009-09-01	Canada: Vancouver, Saanich Inlet		hypoxic seawater		marine biome [ENVO:00000447]	[biomaterial_provider] Steven J Hallam --- [depth] 10-200 m --- [derived-from] This BioSample is a metagenomic assembly obtained from the Saanich Inlet SI037_S3 metagenome BioSample: SAMN14850020 --- [envrionmental-sample] 1 --- [identified_by] Heyu Lin --- [isolate] SI037_bin178 --- [metagenome-source] marine metagenome --- [metagenomic] 1 --- [sample_type] metagenomic assembly
GB_GCA_018698515.1	SAMN14915047	48.36 N 123.30 W	48.36 N 123.30 W	2012-08-01	PRJNA630981	d__Bacteria	p__Patescibacteria	c__Gracilibacteria	o__Peribacterales	f__Peribacteraceae	g__UBA2170	s__UBA2170 sp018652955	2012-08-01	Canada: Vancouver, Saanich Inlet		hypoxic seawater		marine biome [ENVO:00000447]	[biomaterial_provider] Steven J Hallam --- [depth] 10-200 m --- [derived-from] This BioSample is a metagenomic assembly obtained from the Saanich Inlet SI072_S3 metagenome BioSample: SAMN14850028 --- [envrionmental-sample] 1 --- [identified_by] Heyu Lin --- [isolate] SI072_bin1 --- [metagenome-source] marine metagenome --- [metagenomic] 1 --- [sample_type] metagenomic assembly
GB_GCA_019483185.1	SAMN16294531	16.77913 N 88.11755 W	16.77913 N 88.11755 W	2015-11-07	PRJNA666461	d__Bacteria	p__Pseudomonadota	c__Alphaproteobacteria	o__Rickettsiales	f__Midichloriaceae	g__Aquarickettsia	s__Aquarickettsia rohweri	2015-11-07	Belize	Acropora cervicornis	coral polyp		ENVO:00000015 | ENVO:01000049 | ENVO:01000854	[derived-from] This BioSample is a metagenomic assembly obtained from the publicly available coral BioSamples: SAMN09283686 --- [environmental-sample] 1 --- [isolate] Acer BE 13792 --- [metagenome-source] coral metagenome --- [metagenomic] 1 --- [sample-type] metagenomic assembly
GB_GCA_016704685.1	SAMN16425536	57.049513 N 9.864788 E	57.049513 N 9.864788 E	2018-08-29	PRJNA629478	d__Bacteria	p__Chloroflexota	c__Anaerolineae	o__SSC4	f__SSC4	g__JADJYJ01	s__JADJYJ01 sp016719785	2018-08-29	Denmark: Aalborg W		activated sludge from AalW_18-Q3-R10-53		aquatic biome [ENVO:00002030] | Waste Water [ENVO:00002001] | Activated Sludge [ENVO:00002046]	[derived-from] This BioSample is a metagenomic assembly obtained from the AalW_18-Q3-R10-53 activated sludge metagenome BioSample: SAMN14825669. --- [environmental-sample] 1 --- [isolate] AalW_BAT3C.371_sub --- [metagenome-source] activated sludge metagenome --- [metagenomic] 1 --- [sample-type] metagenomic assembly
GB_GCA_016709805.1	SAMN16425873	55.488097 N 8.430505 E	55.488097 N 8.430505 E	2018-09-07	PRJNA629478	d__Bacteria	p__Bacteroidota	c__Bacteroidia	o__Chitinophagales	f__JADIYW01	g__JADIYW01	s__JADIYW01 sp016705125	2018-09-07	Denmark: Esbjerg W		activated sludge from EsbW_18-Q3-R4-48		aquatic biome [ENVO:00002030] | Waste Water [ENVO:00002001] | Activated Sludge [ENVO:00002046]	[derived-from] This BioSample is a metagenomic assembly obtained from the EsbW_18-Q3-R4-48 activated sludge metagenome BioSample: SAMN14825690. --- [environmental-sample] 1 --- [isolate] EsbW_18-Q3-R4-48_BATAC.159 --- [metagenome-source] activated sludge metagenome --- [metagenomic] 1 --- [sample-type] metagenomic assembly
GB_GCA_016718755.1	SAMN16426344	55.432604 N 10.458855 E	55.432604 N 10.458855 E	2018-08-29	PRJNA629478	d__Bacteria	p__Bacteroidota	c__Bacteroidia	o__Chitinophagales	f__Chitinophagaceae	g__OLB11	s__OLB11 sp016711825	2018-08-29	Denmark: Odense NE		activated sludge from OdNE_18-Q3-R46-58		aquatic biome [ENVO:00002030] | Waste Water [ENVO:00002001] | Activated Sludge [ENVO:00002046]	[derived-from] This BioSample is a metagenomic assembly obtained from the OdNE_18-Q3-R46-58 activated sludge metagenome BioSample: SAMN14825714. --- [environmental-sample] 1 --- [isolate] OdNE_18-Q3-R46-58_MAXAC.085 --- [metagenome-source] activated sludge metagenome --- [metagenomic] 1 --- [sample-type] metagenomic assembly
GB_GCA_023410895.1	SAMN17027436	1.45583 S 48.50444 W	1.45583 S 48.50444 W	2020-02-01	PRJNA682348	d__Bacteria	p__Bacillota_A	c__Clostridia	o__Acetivibrionales	f__DSM-27016	g__Ruminiclostridium	s__Ruminiclostridium sp023415305	2020-02-01	Brazil: Belem	Bos taurus	feces		ENVO:00000428 | ENVO:01001055 | ENVO_00002003	[derived_from] This BioSample is a metagenomic assembly obtained from the gut metagenome BioSample: SAMN16988182 --- [environmental-sample] 1 --- [isolate] OH_CBB_191 --- [metagenome-source] gut metagenome --- [metagenomic] True --- [sample-type] metagenomic assembly
GB_GCA_023435525.1	SAMN17027492	1.45583 S 48.50444 W	1.45583 S 48.50444 W	2020-02-01	PRJNA682348	d__Bacteria	p__Bacteroidota	c__Bacteroidia	o__Flavobacteriales	f__Weeksellaceae	g__Planobacterium	s__Planobacterium lacus	2020-02-01	Brazil: Belem	Bos taurus	feces		ENVO:00000428 | ENVO:01001055 | ENVO_00002003	[derived_from] This BioSample is a metagenomic assembly obtained from the gut metagenome BioSample: SAMN16988182 --- [environmental-sample] 1 --- [isolate] OH_CBB_64 --- [metagenome-source] gut metagenome --- [metagenomic] True --- [sample-type] metagenomic assembly
RS_GCF_020906415.1	SAMN17369578	21.9935 N 113.7221 E	21.9935 N 113.7221 E	2018	PRJNA224116	d__Bacteria	p__Pseudomonadota	c__Alphaproteobacteria	o__Rhodobacterales	f__Rhodobacteraceae	g__Pseudosulfitobacter	s__Pseudosulfitobacter pseudonitzschiae	2018	China: the Pearl River Estuary	Mediolabrus comicus			estuarine biome [ENVO:01000020] |  | estuarine water [ENVO:01000301]	[biotic_relationship] symbiont --- [depth] 0.5 m --- [estimated_size] 5027024 bp --- [host_body_habitat] The surface seawater at the Pearl River Estuary --- [host_taxid] Mediolabrus comicus --- [isol_growth_condt] 30224097 --- [ref_biomaterial] 10.1099/ijs.0.064972-0
GB_GCA_017305995.1	SAMN18061429	33.95 S 18.46 E	33.95 S 18.46 E	2014-10-30	PRJNA629336	d__Bacteria	p__Actinomycetota	c__Actinomycetia	o__Mycobacteriales	f__Pseudonocardiaceae	g__Pseudonocardia	s__Pseudonocardia sp001899645	2014-10-30	South Africa: Capetown		planktonic fraction from bioreactor innoculated with Activated Sludge Tailings Effluent Remediation (ASTER); culture conditions: molasses with increasing thiocyanate		biomaterial containment unit [ENVO:01001816] | bioreactor biome [ENVO:00002123] | anthropogenic environmental material [ENVO:0010001]	[derived_from] This BioSample is a metagenomic assembly obtained from the bioreactor metagenome BioSample SAMN17179658 --- [environmental-sample] 1 --- [isolate] SCN18_30_10_14_R1_P_73_26 --- [metagenome-source] bioreactor metagenome --- [metagenomic] 1 --- [note] planktonic --- [perturbation] molasses with increasing thiocyanate --- [sample-type] metagenomic assembly
GB_GCA_022641475.1	SAMN22412608	43.073847 N 89.413972 W	43.073847 N 89.413972 W	2019-08-09	PRJNA768553	d__Bacteria	p__Actinomycetota	c__Actinomycetia	o__Actinomycetales	f__Dermatophilaceae	g__Tetrasphaera_A	s__Tetrasphaera_A jenkinsii	2019-08-09	USA: Madison, WI		anaerobic bioreactor effluent; Thin stillage fed, 6 d SRT, 35C, pH 5.5		bioreactor [ENVO:00002123] | anaerobic bioreactor [ENVO:00002124] | biological waste material [ENVO:01000373]	[altitude] 287 m --- [ammonium] 30.42 milligram per liter --- [derived-from] SAMN22064453 --- [diss_oxygen] 0 micromole per kilogram --- [environmental-sample] 1 --- [experimental_factor] Thin stillage fed, 6 d SRT, 35C, pH 5.5 --- [isolate] UW_TS_TETRA1_1 --- [metagenome-source] bioreactor sludge metagenome --- [metagenomic] 1 --- [ph] 5.5 --- [ref_biomaterial] 3300044973_36 --- [rel_to_oxygen] anaerobe --- [samp_collect_device] Syringe --- [samp_mat_process] Biomass centrifuged 10 min 10,000xg, aliquot frozen for DNA extraction --- [samp_size] 1.5 milliliter --- [samp_store_loc] Freezer --- [samp_store_temp] -80 degree Celcius --- [sample-type] metagenomic assembly --- [source_material_id] R1_0 --- [temp] 35 degree Celcius
GB_GCA_009996095.1	SAMN13514174	42.68059 N 84.4831 W	42.68059 N 84.4831 W	2011-08-19	PRJNA351875	d__Bacteria	p__Cyanobacteriota	c__Cyanobacteriia	o__Cyanobacteriales	f__Microcystaceae	g__Microcystis	s__Microcystis sp002282935	2011-08-19	USA:Ingham County, MI		MSU1 Lake		freshwater lake biome [ENVO_01000252] | surface water [ENVO_00002042] | surface water [ENVO_00002042]	[aliquot] L111-01 --- [depth] 0-2m --- [derived-from] This BioSample is a metagenomic assembly obtained from the freshwater metagenome BioSample: SAMN12291808 --- [environmental-sample] 1 --- [isolate] L111-01 --- [metagenome-source] freshwater metagenome --- [metagenomic] 1 --- [sample-type] metagenomic assembly
GB_GCA_022797035.1	SAMN14273705	35.9396 N 83.9430 W	35.9396 N 83.9430 W	2017-11-22/2017-12-12	PRJNA603829	d__Bacteria	p__Bacillota_A	c__Clostridia	o__Oscillospirales	f__Oscillospiraceae	g__Dysosmobacter	s__Dysosmobacter sp009774015	2017-11-22/2017-12-12	USA: Knoxville, TN	Mus musculus	feces extracted directly from colon		environmental system determined by an organism[ENVO_01001000]|animal-associated environment[ENVO_01001002] | digestive tract[UBERON_0001555]|colon[UBERON_0001155] | fecal material[ENVO_00002003]	[derived-from] This BioSample is a metagenomic assembly obtained from the mouse gut metagenome BioSamples: SAMN14144348,SAMN14144349,SAMN14144350,SAMN14144351,SAMN14144352,SAMN14144353,SAMN14144354,SAMN14144355,SAMN14144356,SAMN14144357,SAMN14144358,SAMN14144359,SAMN14144360,SAMN14144361,SAMN14144362,SAMN14144363,SAMN14144364,SAMN14144365 --- [environmental-sample] 1 --- [isolate] ABMPRH_166_9_2 --- [metagenome-source] mouse gut metagenome --- [metagenomic] 1 --- [sample-type] metagenomic assembly
GB_GCA_022796955.1	SAMN14273852	35.9396 N 83.9430 W	35.9396 N 83.9430 W	2017-11-22/2017-12-12	PRJNA603829	d__Bacteria	p__Bacillota_A	c__Clostridia	o__Lachnospirales	f__Lachnospiraceae	g__14-2	s__14-2 sp910577785	2017-11-22/2017-12-12	USA: Knoxville, TN	Mus musculus	feces extracted directly from colon		environmental system determined by an organism[ENVO_01001000]|animal-associated environment[ENVO_01001002] | digestive tract[UBERON_0001555]|colon[UBERON_0001155] | fecal material[ENVO_00002003]	[derived-from] This BioSample is a metagenomic assembly obtained from the mouse gut metagenome BioSamples: SAMN14144348,SAMN14144349,SAMN14144350,SAMN14144351,SAMN14144352,SAMN14144353,SAMN14144354,SAMN14144355,SAMN14144356,SAMN14144357,SAMN14144358,SAMN14144359,SAMN14144360,SAMN14144361,SAMN14144362,SAMN14144363,SAMN14144364,SAMN14144365 --- [environmental-sample] 1 --- [isolate] ABMPRH_236_2_1 --- [metagenome-source] mouse gut metagenome --- [metagenomic] 1 --- [sample-type] metagenomic assembly
GB_GCA_022795605.1	SAMN14273990	35.9396 N 83.9430 W	35.9396 N 83.9430 W	2017-11-22/2017-12-12	PRJNA603829	d__Bacteria	p__Bacillota_A	c__Clostridia	o__Lachnospirales	f__Lachnospiraceae	g__1XD42-69	s__1XD42-69 sp003612565	2017-11-22/2017-12-12	USA: Knoxville, TN	Mus musculus	feces extracted directly from colon		environmental system determined by an organism[ENVO_01001000]|animal-associated environment[ENVO_01001002] | digestive tract[UBERON_0001555]|colon[UBERON_0001155] | fecal material[ENVO_00002003]	[derived-from] This BioSample is a metagenomic assembly obtained from the mouse gut metagenome BioSamples: SAMN14144348,SAMN14144349,SAMN14144350,SAMN14144351,SAMN14144352,SAMN14144353,SAMN14144354,SAMN14144355,SAMN14144356,SAMN14144357,SAMN14144358,SAMN14144359,SAMN14144360,SAMN14144361,SAMN14144362,SAMN14144363,SAMN14144364,SAMN14144365 --- [environmental-sample] 1 --- [isolate] ABMPRH_303_1 --- [metagenome-source] mouse gut metagenome --- [metagenomic] 1 --- [sample-type] metagenomic assembly
GB_GCA_018645935.1	SAMN14913848	48.36 N 123.30 W	48.36 N 123.30 W	2009-06-16	PRJNA630981	d__Bacteria	p__Pseudomonadota	c__Gammaproteobacteria	o__GCF-002020875	f__GCF-002020875	g__Thiopontia	s__Thiopontia sp018658305	2009-06-16	Canada: Vancouver, Saanich Inlet		hypoxic seawater		marine biome [ENVO:00000447]	[biomaterial_provider] Steven J Hallam --- [depth] 10-200 m --- [derived-from] This BioSample is a metagenomic assembly obtained from the Saanich Inlet SI034_S3 metagenome BioSample: SAMN14850017 --- [envrionmental-sample] 1 --- [identified_by] Heyu Lin --- [isolate] SI034_bin31 --- [metagenome-source] marine metagenome --- [metagenomic] 1 --- [sample_type] metagenomic assembly
GB_GCA_018670995.1	SAMN14914183	48.36 N 123.30 W	48.36 N 123.30 W	2009-09-01	PRJNA630981	d__Bacteria	p__Pseudomonadota	c__Gammaproteobacteria	o__Pseudomonadales	f__Halieaceae	g__Luminiphilus	s__Luminiphilus sp000169115	2009-09-01	Canada: Vancouver, Saanich Inlet		hypoxic seawater		marine biome [ENVO:00000447]	[biomaterial_provider] Steven J Hallam --- [depth] 10-200 m --- [derived-from] This BioSample is a metagenomic assembly obtained from the Saanich Inlet SI037_S3 metagenome BioSample: SAMN14850020 --- [envrionmental-sample] 1 --- [identified_by] Heyu Lin --- [isolate] SI037_bin64 --- [metagenome-source] marine metagenome --- [metagenomic] 1 --- [sample_type] metagenomic assembly
GB_GCA_018693995.1	SAMN14914296	48.33 N 123.32 W	48.33 N 123.32 W	2009-09-01	PRJNA630981	d__Bacteria	p__Bacteroidota	c__Bacteroidia	o__Flavobacteriales	f__Flavobacteriaceae	g__Marisimplicoccus	s__Marisimplicoccus sp014239615	2009-09-01	Canada: Vancouver, Saanich Inlet		hypoxic seawater		marine biome [ENVO:00000447]	[biomaterial_provider] Steven J Hallam --- [depth] 100-200 m --- [derived-from] This BioSample is a metagenomic assembly obtained from the Saanich Inlet SI037_S2 metagenome BioSample: SAMN14850019 --- [envrionmental-sample] 1 --- [identified_by] Heyu Lin --- [isolate] SI037S2_bin77 --- [metagenome-source] marine metagenome --- [metagenomic] 1 --- [sample_type] metagenomic assembly
GB_GCA_018703045.1	SAMN14915460	48.36 N 123.30 W	48.36 N 123.30 W	2012-09-10	PRJNA630981	d__Bacteria	p__Pseudomonadota	c__Alphaproteobacteria	o__SP197	f__SP197	g__SP197	s__SP197 sp018700655	2012-09-10	Canada: Vancouver, Saanich Inlet		hypoxic seawater		marine biome [ENVO:00000447]	[biomaterial_provider] Steven J Hallam --- [depth] 10-200 m --- [derived-from] This BioSample is a metagenomic assembly obtained from the Saanich Inlet SI074_S3 metagenome BioSample: SAMN14850030 --- [envrionmental-sample] 1 --- [identified_by] Heyu Lin --- [isolate] SI074_bin103 --- [metagenome-source] marine metagenome --- [metagenomic] 1 --- [sample_type] metagenomic assembly
GB_GCA_018662385.1	SAMN14915504	48.36 N 123.30 W	48.36 N 123.30 W	2012-09-10	PRJNA630981	d__Bacteria	p__Patescibacteria	c__ABY1	o__UBA11705	f__JABHMO01	g__JABMRF01	s__JABMRF01 sp018674305	2012-09-10	Canada: Vancouver, Saanich Inlet		hypoxic seawater		marine biome [ENVO:00000447]	[biomaterial_provider] Steven J Hallam --- [depth] 10-200 m --- [derived-from] This BioSample is a metagenomic assembly obtained from the Saanich Inlet SI074_S3 metagenome BioSample: SAMN14850030 --- [envrionmental-sample] 1 --- [identified_by] Heyu Lin --- [isolate] SI074_bin143 --- [metagenome-source] marine metagenome --- [metagenomic] 1 --- [sample_type] metagenomic assembly
RS_GCF_021401245.1	SAMN15208353	51.0527829 N 3.7067699 E	51.0527829 N 3.7067699 E	2020-05-07	PRJNA224116	d__Bacteria	p__Pseudomonadota	c__Gammaproteobacteria	o__Burkholderiales	f__Burkholderiaceae_B	g__Pseudacidovorax	s__Pseudacidovorax sp903864295	2020-05-07	Belgium:Ghent				ENVO:00002030 | ENVO:00002030 | ENVO:00002223	[isol_growth_condt] 32125831 --- [ref_biomaterial] 32125831
RS_GCF_014163745.1	SAMN15642181	38.988883 N 76.481891 W	38.988883 N 76.481891 W	2018-01-24	PRJNA224116	d__Bacteria	p__Pseudomonadota	c__Gammaproteobacteria	o__Enterobacterales_A	f__Alteromonadaceae	g__Pseudoalteromonas	s__Pseudoalteromonas distincta	2018-01-24	USA: Chesapeake Bay, Maryland		surface seawater		marine biome [ENVO:00000447] | estuary [ENVO:00000045] | coastal seawater [ENVO:00002150]	[depth] 1 m
GB_GCA_018263335.1	SAMN16122904	39.9 N 116.3 E	39.9 N 116.3 E	2018-08	PRJNA663217	d__Archaea	p__Halobacteriota	c__Methanomicrobia	o__Methanomicrobiales	f__Methanoregulaceae	g__Methanolinea_A	s__Methanolinea_A sp002067155	2018-08	China: China University of Geosciences Beijing		sediment		sediment biome [ENVO:00000001] | shoreline [ENVO:00000001] | sediment [ENVO:00000001]	[depth] 0.05m --- [derived-from] This BioSample is a metagenomic assembly obtained from the sediment metagenome BioSamples: SAMN16254167, SAMN16254168, and SAMN16254169 --- [elev] 44m --- [environmental-sample] 1 --- [isolate] QR_Bin.1 --- [metagenome-source] sediment metagenome --- [metagenomic] 1 --- [sample-type] metagenomic assembly
GB_GCA_023457535.1	SAMN17039820	22.9527 S 46.54418 W	22.9527 S 46.54418 W	2020-02-01	PRJNA682348	d__Bacteria	p__Bacteroidota	c__Bacteroidia	o__Flavobacteriales	f__Flavobacteriaceae	g__Flavobacterium	s__Flavobacterium sp023457535	2020-02-01	Brazil: Braganca	Gallus gallus	feces		ENVO:00000428 | ENVO:01001055 | ENVO_00002003	[derived_from] This BioSample is a metagenomic assembly obtained from the gut metagenome BioSample: SAMN16988194 --- [environmental-sample] 1 --- [isolate] OH_PBrB_89 --- [metagenome-source] gut metagenome --- [metagenomic] True --- [sample-type] metagenomic assembly
GB_GCA_023425325.1	SAMN17040176	1.45583 S 48.50444 W	1.45583 S 48.50444 W	2020-02-01	PRJNA682348	d__Bacteria	p__Bacillota_A	c__Clostridia	o__Lachnospirales	f__Lachnospiraceae	g__Mobilitalea	s__Mobilitalea sp023423045	2020-02-01	Brazil: Belem	Sus scrofa	feces		ENVO:00000428 | ENVO:01001055 | ENVO_00002003	[derived_from] This BioSample is a metagenomic assembly obtained from the gut metagenome BioSample: SAMN16988197 --- [environmental-sample] 1 --- [isolate] OH_SBB_58 --- [metagenome-source] gut metagenome --- [metagenomic] True --- [sample-type] metagenomic assembly
GB_GCA_023401765.1	SAMN17044945	1.45583 S 48.50444 W	1.45583 S 48.50444 W	2020-02-01	PRJNA682348	d__Bacteria	p__Verrucomicrobiota	c__Lentisphaeria	o__Victivallales	f__Victivallaceae	g__Victivallis	s__Victivallis lenta	2020-02-01	Brazil: Belem	Homo sapiens	feces		ENVO:00000428 | ENVO:01001055 | ENVO_00002003	[derived_from] This BioSample is a metagenomic assembly obtained from the human gut metagenome BioSample: SAMN16988187 --- [environmental-sample] 1 --- [isolate] OH_HBB_144 --- [metagenome-source] human gut metagenome --- [metagenomic] True --- [sample-type] metagenomic assembly
GB_GCA_023451045.1	SAMN17045018	1.45583 S 48.50444 W	1.45583 S 48.50444 W	2020-02-01	PRJNA682348	d__Bacteria	p__Bacteroidota	c__Bacteroidia	o__Bacteroidales	f__Rikenellaceae	g__Alistipes	s__Alistipes finegoldii	2020-02-01	Brazil: Belem	Homo sapiens	feces		ENVO:00000428 | ENVO:01001055 | ENVO_00002003	[derived_from] This BioSample is a metagenomic assembly obtained from the human gut metagenome BioSample: SAMN16988187 --- [environmental-sample] 1 --- [isolate] OH_HBB_44 --- [metagenome-source] human gut metagenome --- [metagenomic] True --- [sample-type] metagenomic assembly
GB_GCA_019423965.1	SAMN19224839	37.54580972 N 126.99330531 E	37.54580972 N 126.99330531 E	2019	PRJNA678426	d__Bacteria	p__Actinomycetota	c__Actinomycetia	o__Actinomycetales	f__Micrococcaceae	g__Rothia	s__Rothia mucilaginosa_B	2019	South Korea: Seoul	Homo sapiens	feces		Human gut microbiome | Human feces | ENVO:00002316	[derived-from] This BioSample is a metagenomic assembly obtained from the human gut metagenome BioSample: SAMN16796232 --- [environmental-sample] 1 --- [isolate] HRGM_Genome_1791 --- [metagenome-source] human gut metagenome --- [metagenomic] 1 --- [sample-type] metagenomic assembly --- [srr accession of physical sample] SRR13060959
GB_GCA_022652185.1	SAMN22412669	43.073051 N 89.401230 W	43.073051 N 89.401230 W	2020-01-25	PRJNA768591	d__Bacteria	p__Bacillota	c__Bacilli	o__Lactobacillales	f__Lactobacillaceae	g__Lacticaseibacillus	s__Lacticaseibacillus suilingensis	2020-01-25	USA: Madison, WI		anaerobic bioreactor effluent; solid retention time of 6 days		bioreactor [ENVO:00002123] | anaerobic bioreactor [ENVO:00002124] | biological waste material [ENVO:01000373]	[derived-from] SAMN22064447 --- [diss_oxygen] 0 micromole per kilogram --- [environmental-sample] 1 --- [experimental_factor] solid retention time of 6 days --- [isolate] UW_DM_LACCAS1_4 --- [metagenome-source] bioreactor sludge metagenome --- [metagenomic] 1 --- [ph] 5.5 --- [ref_biomaterial] 3300045590_20 --- [rel_to_oxygen] anaerobe --- [samp_collect_device] Syringe --- [samp_mat_process] Biomass centrifuged 10 min 10,000xrcf, aliquot frozen for DNA extraction --- [samp_size] 2 milliliter --- [samp_store_loc] Freezer --- [samp_store_temp] -80 degree Celcius --- [sample-type] metagenomic assembly --- [source_material_id] DMB5_5SRT_B --- [temp] 35 degree Celcius
GB_GCA_015060785.1	SAMN11294418	34.4149 N 119.841 W	34.4149 N 119.841 W	2016-06-16	PRJNA530070	d__Bacteria	p__Bacteroidota	c__Bacteroidia	o__Bacteroidales	f__Bacteroidaceae	g__Bacteroides	s__Bacteroides caccae	2016-06-16	USA: Santa Barbara Zoo	San Clemente Island Goat	feces		[ENVO:01001002] | [ENVO:01001029] | [ENVO:01000312]	[environmental-sample] 1 --- [isolate] SIG133 --- [metagenome-source] feces metagenome --- [metagenomic] 1 --- [note] This BioSample is a metagenomic assembly obtained from the feces metagenome BioSample: SAMN11456598 --- [sample-type] metagenomic assembly
RS_GCF_021609605.1	SAMN13195899	51.26555556 N 1.23777778 E	51.26555556 N 1.23777778 E	2017-05-04	PRJNA224116	d__Bacteria	p__Pseudomonadota	c__Gammaproteobacteria	o__Pseudomonadales	f__Pseudomonadaceae	g__Pseudomonas_E	s__Pseudomonas_E syringae_Q	2017-05-04	United Kingdom: Kent	Prunus avium			ENVO:00000114 | ENVO_00000115 | ENVO_00000115	[host_genotype] Kordia --- [isol_growth_condt] Lysogeny broth --- [plant_body_site] Leaf
RS_GCF_013363465.1	SAMN14168059	17.52 N 78.29 E	17.52 N 78.29 E	2009	PRJNA224116	d__Bacteria	p__Actinomycetota	c__Actinomycetia	o__Streptomycetales	f__Streptomycetaceae	g__Streptomyces	s__Streptomyces albidoflavus	2009	India: ICRISAT campus in Hyderabad	Rice, Sorghum, Chickpea			environmental system [ ENVO:01000254] | anthropogenic environement [ENVO:01000313]|rhizosphere environment [ENVO:01000999] | compost [ENVO:00002170]	[isol_growth_condt] PMID: 24113511 --- [ref_biomaterial] Gopalakrishnan et al., (2014) Microb. Res. 169 (2014) 40â€“ 48
GB_GCA_022798815.1	SAMN14274096	35.9396 N 83.9430 W	35.9396 N 83.9430 W	2017-11-22/2017-12-12	PRJNA603829	d__Bacteria	p__Bacteroidota	c__Bacteroidia	o__Bacteroidales	f__Rikenellaceae	g__Alistipes	s__Alistipes sp002428825	2017-11-22/2017-12-12	USA: Knoxville, TN	Mus musculus	feces extracted directly from colon		environmental system determined by an organism[ENVO_01001000]|animal-associated environment[ENVO_01001002] | digestive tract[UBERON_0001555]|colon[UBERON_0001155] | fecal material[ENVO_00002003]	[derived-from] This BioSample is a metagenomic assembly obtained from the mouse gut metagenome BioSamples: SAMN14144348,SAMN14144349,SAMN14144350,SAMN14144351,SAMN14144352,SAMN14144353,SAMN14144354,SAMN14144355,SAMN14144356,SAMN14144357,SAMN14144358,SAMN14144359,SAMN14144360,SAMN14144361,SAMN14144362,SAMN14144363,SAMN14144364,SAMN14144365 --- [environmental-sample] 1 --- [isolate] ABMPRH_74_1 --- [metagenome-source] mouse gut metagenome --- [metagenomic] 1 --- [sample-type] metagenomic assembly
GB_GCA_018700735.1	SAMN14915195	48.36 N 123.30 W	48.36 N 123.30 W	2012-08-01	PRJNA630981	d__Bacteria	p__Bacteroidota	c__Bacteroidia	o__Flavobacteriales	f__Flavobacteriaceae	g__Marisimplicoccus	s__Marisimplicoccus sp014239615	2012-08-01	Canada: Vancouver, Saanich Inlet		hypoxic seawater		marine biome [ENVO:00000447]	[biomaterial_provider] Steven J Hallam --- [depth] 10-200 m --- [derived-from] This BioSample is a metagenomic assembly obtained from the Saanich Inlet SI072_S3 metagenome BioSample: SAMN14850028 --- [envrionmental-sample] 1 --- [identified_by] Heyu Lin --- [isolate] SI072_bin45 --- [metagenome-source] marine metagenome --- [metagenomic] 1 --- [sample_type] metagenomic assembly
GB_GCA_023396435.1	SAMN17043822	22.22111 S 54.80556 W	22.22111 S 54.80556 W	2020-02-01	PRJNA682348	d__Bacteria	p__Bacteroidota	c__Bacteroidia	o__Bacteroidales	f__UBA932	g__DMER64	s__DMER64 sp002408205	2020-02-01	Brazil: Dourados	Sus scrofa	feces		ENVO:00000428 | ENVO:01001055 | ENVO_00002003	[derived_from] This BioSample is a metagenomic assembly obtained from the gut metagenome BioSample: SAMN16988200 --- [environmental-sample] 1 --- [isolate] OH_SDB_93 --- [metagenome-source] gut metagenome --- [metagenomic] True --- [sample-type] metagenomic assembly
GB_GCA_023445895.1	SAMN17045104	26.91944 S 49.06611 W	26.91944 S 49.06611 W	2020-02-01	PRJNA682348	d__Bacteria	p__Bacillota_A	c__Clostridia	o__TANB77	f__CAG-508	g__CAG-245	s__CAG-245 sp900552135	2020-02-01	Brazil: Blumenau	Homo sapiens	feces		ENVO:00000428 | ENVO:01001055 | ENVO_00002003	[derived_from] This BioSample is a metagenomic assembly obtained from the human gut metagenome BioSample: SAMN16988188 --- [environmental-sample] 1 --- [isolate] OH_HBlB_185 --- [metagenome-source] human gut metagenome --- [metagenomic] True --- [sample-type] metagenomic assembly
GB_GCA_023439645.1	SAMN17045461	22.9527 S 46.54418 W	22.9527 S 46.54418 W	2020-02-01	PRJNA682348	d__Bacteria	p__Bacillota	c__Bacilli	o__Lactobacillales	f__Streptococcaceae	g__Streptococcus	s__Streptococcus thermophilus	2020-02-01	Brazil: Braganca	Homo sapiens	feces		ENVO:00000428 | ENVO:01001055 | ENVO_00002003	[derived_from] This BioSample is a metagenomic assembly obtained from the human gut metagenome BioSample: SAMN16988189 --- [environmental-sample] 1 --- [isolate] OH_HBrB_43 --- [metagenome-source] human gut metagenome --- [metagenomic] True --- [sample-type] metagenomic assembly
GB_GCA_023403455.1	SAMN17045714	3.71722 S 38.54306 W	3.71722 S 38.54306 W	2020-02-01	PRJNA682348	d__Bacteria	p__Bacteroidota	c__Bacteroidia	o__Bacteroidales	f__Bacteroidaceae	g__Bacteroides	s__Bacteroides fragilis	2020-02-01	Brazil: Fortaleza	Homo sapiens	feces		ENVO:00000428 | ENVO:01001055 | ENVO_00002003	[derived_from] This BioSample is a metagenomic assembly obtained from the human gut metagenome BioSample: SAMN16988191 --- [environmental-sample] 1 --- [isolate] OH_HFB_205 --- [metagenome-source] human gut metagenome --- [metagenomic] True --- [sample-type] metagenomic assembly
RS_GCF_020906315.1	SAMN17369610	21.9935 N 113.7221 E	21.9935 N 113.7221 E	2018	PRJNA224116	d__Bacteria	p__Pseudomonadota	c__Alphaproteobacteria	o__Rhodobacterales	f__Rhodobacteraceae	g__Pseudosulfitobacter	s__Pseudosulfitobacter pseudonitzschiae	2018	China: the Pearl River Estuary	Mediolabrus comicus			estuarine biome [ENVO:01000020] |  | estuarine water [ENVO:01000301]	[biotic_relationship] symbiont --- [depth] 0.5 m --- [estimated_size] 5032454 bp --- [host_body_habitat] The surface seawater at the Pearl River Estuary --- [host_taxid] Mediolabrus comicus --- [isol_growth_condt] 30224097 --- [ref_biomaterial] 10.1099/ijs.0.064972-0
RS_GCF_016814375.1	SAMN17369658	21.9935 N 113.7221 E	21.9935 N 113.7221 E	2018	PRJNA224116	d__Bacteria	p__Pseudomonadota	c__Alphaproteobacteria	o__Rhodobacterales	f__Rhodobacteraceae	g__Sulfitobacter	s__Sulfitobacter mediterraneus_A	2018	China: the Pearl River Estuary	Mediolabrus comicus			estuarine biome [ENVO:01000020] |  | estuarine water [ENVO:01000301]	[biotic_relationship] symbiont --- [depth] 0.5 m --- [estimated_size] 4200969 bp --- [host_body_habitat] The surface seawater at the Pearl River Estuary --- [host_taxid] Mediolabrus comicus --- [isol_growth_condt] 30224097 --- [ref_biomaterial] 10.1128/genomeA.00350-14
RS_GCF_016812285.1	SAMN17369760	21.9935 N 113.7221 E	21.9935 N 113.7221 E	2018	PRJNA224116	d__Bacteria	p__Pseudomonadota	c__Alphaproteobacteria	o__Rhodobacterales	f__Rhodobacteraceae	g__Alexandriicola	s__Alexandriicola marinus	2018	China: the Pearl River Estuary	Skeletonema costatum			estuarine biome [ENVO:01000020] |  | estuarine water [ENVO:01000301]	[biotic_relationship] symbiont --- [depth] 0.5 m --- [estimated_size] 4494988 bp --- [host_body_habitat] The surface seawater at the Pearl River Estuary --- [host_taxid] Skeletonema costatum --- [isol_growth_condt] 30224097
GB_GCA_017859075.1	SAMN17496293	39.1465 N 75.2433 W	39.1465 N 75.2433 W	2014-08-31	PRJNA699965	d__Bacteria	p__Actinomycetota	c__Acidimicrobiia	o__Acidimicrobiales	f__Ilumatobacteraceae	g__Casp-actino5	s__Casp-actino5 sp017859785	2014-08-31	USA: Delaware Bay		bay water summer N sample 29 PSU in less than .8 micron size fraction		estuarine biome [ENVO:01000020] | bay [ENVO:00000032] | estuarine water [ENVO:01000301]	[depth] 1.62 m --- [derived_from] This BioSample is a metagenomic assembly obtained from the Delaware Bay metagenome BioSample: SAMN06267364 --- [environmental-sample] 1 --- [isolate] DEBay_Sum29NL08_67 --- [metagenome-source] freshwater metagenome --- [metagenomic] 1 --- [sample_type] metagenomic assembly --- [umbrella_bioproject_accession] PRJNA432171
GB_GCA_017608575.1	SAMN17704349	27.388 N 111.24560 W	27.388 N 111.24560 W	2008-12-09	PRJNA692327	d__Archaea	p__Iainarchaeota	c__Iainarchaeia	o__Iainarchaeales	f__DTGL01	g__JAFCFP01	s__JAFCFP01 sp017608575	2008-12-09	Mexico: Guaymas Basin, Gulf of California		marine sediment		marine benthic biome [ENVO:01000024] | marine environmental zone [ENVO:01001201] | marine sediment [ENVO:03000033]	[depth] 16-18 cm --- [derived-from] This BioSample is a metagenomic assembly obtained from the marine sediment metagenome BioSample: SAMN17217432 --- [elev] -2000 m --- [environmental-sample] 1 --- [isolate] Meg22_1618_Bin_64 --- [metagenome-source] marine sediment metagenome --- [metagenomic] 1 --- [sample-type] metagenomic assembly
GB_GCA_020844595.1	SAMN22330481	43.073847 N 89.414083 W	43.073847 N 89.414083 W	2017-07-19	PRJNA771338	d__Bacteria	p__Bacillota	c__Bacilli	o__Lactobacillales	f__Lactobacillaceae	g__Lentilactobacillus	s__Lentilactobacillus buchneri	2017-07-19	USA: Madison, WI		anaerobic bioreactor effluent		bioreactor [ENVO:00002123] | anaerobic bioreactor [ENVO:00002124] | biological waste material [ENVO:01000373]	[altitude] 287 m --- [derived-from] SAMN10864216 --- [environmental-sample] 1 --- [isolate] UW_Xyl_LAC6 --- [metagenome-source] bioreactor metagenome --- [metagenomic] 1 --- [ph] 5.5 --- [pressure] 1 atm --- [samp_size] 2 mL --- [samp_vol_we_dna_ext] 0.5 g --- [sample-type] metagenomic assembly --- [temp] 35
GB_GCA_022482815.1	SAMN22412068	43.033933 N 89.356452 W	43.033933 N 89.356452 W	2018-11-27	PRJNA708967	d__Bacteria	p__Bacillota_C	c__Negativicutes	o__Acidaminococcales	f__Acidaminococcaceae	g__Acidaminococcus	s__Acidaminococcus sp022482815	2018-11-27	USA: Madison, WI		anaerobic bioreactor effluent		bioreactor [ENVO:00002123] | anaerobic bioreactor [ENVO:00002124] | biological waste material [ENVO:01000373]	[altitude] 268 m --- [ammonium] 153.92 milligram per liter --- [derived-from] SAMN18243037 --- [diss_oxygen] 0 micromole per kilogram --- [environmental-sample] 1 --- [isolate] UW_MP_ACID1_1 --- [metagenome-source] bioreactor sludge metagenome --- [metagenomic] 1 --- [ph] 5.5 --- [phosphate] 235.91 milligram per liter --- [ref_biomaterial] 3300043822_32 --- [rel_to_oxygen] anaerobe --- [samp_collect_device] Syringe --- [samp_mat_process] Biomass centrifuged 10 min 10,000xg, aliquot frozen for DNA extraction --- [samp_size] 2 milliliter --- [samp_store_loc] Freezer --- [samp_store_temp] -80 degree Celcius --- [sample-type] metagenomic assembly --- [source_material_id] CSTR_044 --- [temp] 35 degree Celcius
GB_GCA_023231405.1	SAMN27301755	43.44 N 80.58 W	43.44 N 80.58 W	2016-07	PRJNA823399	d__Bacteria	p__Cloacimonadota	c__Cloacimonadia	o__Cloacimonadales	f__Cloacimonadaceae	g__Cloacimonas	s__Cloacimonas sp002432865	2016-07	Canada: Waterloo		leachate from a composite leachate cistern at an active municipal landfill in Southern Ontario		landfill [ENVO:00000533] | landfill [ENVO:00000533] | leachate [ENVO:00002141] | anthropogenic environmental material [ENVO:0010001]	[derived-from] This BioSample is a metagenomic assembly obtained from the Pumphouse #3 landfill metagenome BioSample: SAMN07630777 --- [environmental-sample] 1 --- [isolate] SO_2016_CLC_T2 bin 119 --- [metagenome-source] landfill metagenome --- [metagenomic] 1 --- [rel_to_oxygen] anaerobe --- [samp_collect_device] 144 mm 0.1 micron PES filter --- [samp_mat_process] DNA extraction with MoBio Powersoil kit, Illumina HiSeq sequencing PE 150 bp --- [sample-type] metagenomic assembly --- [size_frac] 0.1 micron
GB_GCA_023231195.1	SAMN27301766	43.44 N 80.58 W	43.44 N 80.58 W	2016-07	PRJNA823399	d__Bacteria	p__Pseudomonadota	c__Gammaproteobacteria	o__Acidithiobacillales	f__Acidithiobacillaceae	g__Acidithiobacillus	s__Acidithiobacillus sp023229925	2016-07	Canada: Waterloo		water from a groundwater well adjacent to an active municipal landfill in Southern Ontario		water well [ENVO:01000002] | water well [ENVO:01000002] | groundwater [ENVO:01001004]	[derived-from] This BioSample is a metagenomic assembly obtained from the OW334 groundwater well metagenome BioSample: SAMN07630779 --- [environmental-sample] 1 --- [isolate] SO_2016_GW1 bin 23 --- [metagenome-source] landfill metagenome --- [metagenomic] 1 --- [rel_to_oxygen] anaerobe --- [samp_collect_device] 144 mm 0.1 micron PES filter --- [samp_mat_process] DNA extraction with MoBio Powersoil kit, Illumina HiSeq sequencing PE 150 bp --- [sample-type] metagenomic assembly --- [size_frac] 0.1 micron
RS_GCF_003122365.1	SAMN08984914	18.14 N 109.31 E	18.14 N 109.31 E	2011-05-01	PRJNA224116	d__Bacteria	p__Actinomycetota	c__Actinomycetia	o__Streptomycetales	f__Streptomycetaceae	g__Streptomyces	s__Streptomyces spongiicola	2011-05-01	China: Sanya	marine sponge				[environment_biome_harmonized] ENVO: 00000447 --- [environment_feature_harmonized] ENVO: 00000130 --- [environment_material_harmonized] ENVO: 01000161 --- [isol_growth_condt] PMID: 26597038 --- [ref_biomaterial] PMID: 26597038 --- [sample_type] cell culture --- [type-material] type strain of Streptomyces spongiicola
RS_GCF_004304085.1	SAMN10618100	54.988 N 9.232 E	54.988 N 9.232 E	2015-07-20	PRJNA224116	d__Bacteria	p__Pseudomonadota	c__Alphaproteobacteria	o__Rhizobiales	f__Rhizobiaceae	g__Rhizobium	s__Rhizobium leguminosarum_E	2015-07-20	Denmark: Central Denmark	Trifolium repens	root nodule of Trifolium repens growing with Lolium perenne in an organic farm field		Terrestrial biome [ENVO:00000446] | field [ENVO:00000114] | agricultural soil [ENVO:00002259]	[biotic_relationship] symbiont --- [isol_growth_condt] PMID: 21562597 --- [subspecf_gen_lin] genospecies A
GB_GCA_004124295.1	SAMN10744134		11.23 N 141.69 E	2016-08-03	PRJNA514985	d__Bacteria	p__Marinisomatota	c__Marinisomatia	o__SCGC-AAA003-L08	f__TS1B11	g__TS1B11	s__TS1B11 sp004124295	2016-08-03	Pacific Ocean: Mariana Trench		marine sediment			[broad-scale environmental context] Marine sediment,[ENVO_03000033] --- [depth] 9150 m --- [environmental medium] Sediment,[ENVO_00002007] --- [estimated size (bp)] 2547169 --- [local-scale environmental context] Deep marine sediment, [ENVO_00002113] --- [sample_type] metagenomic assembly
RS_GCF_009875675.1	SAMN11945345	42.36 N 71.06 W	42.36 N 71.06 W	2016-01-11	PRJNA224116	d__Bacteria	p__Bacillota_A	c__Clostridia	o__Lachnospirales	f__Lachnospiraceae	g__Dorea_A	s__Dorea_A longicatena	2016-01-11	USA:Boston	Homo sapiens			bodily fluid material biome [ENVO:02000019] | excreta material [ENVO:02000022] | fecal material [ENVO:00002003]	
RS_GCF_009873995.1	SAMN11945387	42.36 N 71.06 W	42.36 N 71.06 W	2016-01-11	PRJNA224116	d__Bacteria	p__Bacillota	c__Bacilli	o__Lactobacillales	f__Enterococcaceae	g__Enterococcus_B	s__Enterococcus_B durans	2016-01-11	USA:Boston	Homo sapiens			bodily fluid material biome [ENVO:02000019] | excreta material [ENVO:02000022] | fecal material [ENVO:00002003]	
RS_GCF_020514205.1	SAMN12639272	34.84225 S 151.34422 E	34.84225 S 151.34422 E	2016-09-11	PRJNA224116	d__Bacteria	p__Cyanobacteriota	c__Cyanobacteriia	o__PCC-6307	f__Cyanobiaceae	g__Parasynechococcus	s__Parasynechococcus sp900474185	2016-09-11	Tasman Sea				marine pelagic zoneENVO:00000208 | coastal sea waterENVO:00002150 | marine water bodyENVO:00001999 | coastal water bodyENVO:02000054 | Sea water	[depth] 2 m --- [isol_growth_condt] https://aslopubs.onlinelibrary.wiley.com/doi/pdf/10.4319/lom.2007.5.353 --- [ref_biomaterial] Ecological genomics of Synechococcus and Prochlorococcus Cyanobacteria across a dynamic ocean system. Ostrowski, Varkey, Ranjit, Mazard, Moore, Paulsen.
GB_GCA_022797715.1	SAMN14273913	35.9396 N 83.9430 W	35.9396 N 83.9430 W	2017-11-22/2017-12-12	PRJNA603829	d__Bacteria	p__Bacillota_A	c__Clostridia	o__Lachnospirales	f__Lachnospiraceae	g__Kineothrix	s__Kineothrix sp011958945	2017-11-22/2017-12-12	USA: Knoxville, TN	Mus musculus	feces extracted directly from colon		environmental system determined by an organism[ENVO_01001000]|animal-associated environment[ENVO_01001002] | digestive tract[UBERON_0001555]|colon[UBERON_0001155] | fecal material[ENVO_00002003]	[derived-from] This BioSample is a metagenomic assembly obtained from the mouse gut metagenome BioSamples: SAMN14144348,SAMN14144349,SAMN14144350,SAMN14144351,SAMN14144352,SAMN14144353,SAMN14144354,SAMN14144355,SAMN14144356,SAMN14144357,SAMN14144358,SAMN14144359,SAMN14144360,SAMN14144361,SAMN14144362,SAMN14144363,SAMN14144364,SAMN14144365 --- [environmental-sample] 1 --- [isolate] ABMPRH_264_1_1 --- [metagenome-source] mouse gut metagenome --- [metagenomic] 1 --- [sample-type] metagenomic assembly
GB_GCA_013042665.1	SAMN14538056	37.856 S 144.964 E	37.856 S 144.964 E	2018	PRJNA623061	d__Bacteria	p__Bacteroidota	c__Bacteroidia	o__Flavobacteriales	f__Flavobacteriaceae	g__SHLJ01	s__SHLJ01 sp013003555	2018	Australia: Middle Park Beach, Port Phillip Bay site B		Beach sand		intertidal zone [ENVO:00000316] | intertidal zone [ENVO:00000316] | Permeable sediment	[depth] 0 - 16 cm --- [derived-from] This BioSample is a metagenomic assembly obtained from the beach sand metagenome BioSample: SAMN14546546, SAMN14546547, SAMN14546548 --- [elev] 0 m --- [environmental-sample] 1 --- [isolate] Site_B20 --- [metagenome-source] beach sand metagenome --- [metagenomic] 1 --- [sample-type] metagenomic assembly
GB_GCA_018653885.1	SAMN14914995	48.36 N 123.30 W	48.36 N 123.30 W	2011-08-10	PRJNA630981	d__Bacteria	p__Pseudomonadota	c__Gammaproteobacteria	o__GCF-002020875	f__GCF-002020875	g__Thiopontia	s__Thiopontia sp013349825	2011-08-10	Canada: Vancouver, Saanich Inlet		hypoxic seawater		marine biome [ENVO:00000447]	[biomaterial_provider] Steven J Hallam --- [depth] 100-200 m --- [derived-from] This BioSample is a metagenomic assembly obtained from the Saanich Inlet SI060_S3 metagenome BioSample: SAMN14850027 --- [envrionmental-sample] 1 --- [identified_by] Heyu Lin --- [isolate] SI060_bin25 --- [metagenome-source] marine metagenome --- [metagenomic] 1 --- [sample_type] metagenomic assembly
GB_GCA_018699415.1	SAMN14915094	48.36 N 123.30 W	48.36 N 123.30 W	2012-08-01	PRJNA630981	d__Bacteria	p__Actinomycetota	c__Acidimicrobiia	o__Acidimicrobiales	f__UBA11606	g__UBA11606	s__UBA11606 sp018699415	2012-08-01	Canada: Vancouver, Saanich Inlet		hypoxic seawater		marine biome [ENVO:00000447]	[biomaterial_provider] Steven J Hallam --- [depth] 10-200 m --- [derived-from] This BioSample is a metagenomic assembly obtained from the Saanich Inlet SI072_S3 metagenome BioSample: SAMN14850028 --- [envrionmental-sample] 1 --- [identified_by] Heyu Lin --- [isolate] SI072_bin141 --- [metagenome-source] marine metagenome --- [metagenomic] 1 --- [sample_type] metagenomic assembly
RS_GCF_014946865.1	SAMN16178569	48.28 N 2.67 E	48.28 N 2.67 E	2017-09	PRJNA224116	d__Bacteria	p__Pseudomonadota	c__Gammaproteobacteria	o__Enterobacterales	f__Enterobacteriaceae	g__Pectobacterium	s__Pectobacterium aquaticum	2017-09	France: Experimental lake at Foljuif		fresh water		ENVO:00000873 | ENVO:01000252 | ENVO:00000892	[altitude] 85 m --- [depth] 0 --- [isol_growth_condt] Growth on LB culture medium --- [ref_biomaterial] unpublished
GB_GCA_023438925.1	SAMN17045265	22.9527 S 46.54418 W	22.9527 S 46.54418 W	2020-02-01	PRJNA682348	d__Bacteria	p__Bacillota_A	c__Clostridia	o__Peptostreptococcales	f__Anaerovoracaceae	g__CAG-238	s__CAG-238 sp900551415	2020-02-01	Brazil: Braganca	Homo sapiens	feces		ENVO:00000428 | ENVO:01001055 | ENVO_00002003	[derived_from] This BioSample is a metagenomic assembly obtained from the human gut metagenome BioSample: SAMN16988189 --- [environmental-sample] 1 --- [isolate] OH_HBrB_192 --- [metagenome-source] human gut metagenome --- [metagenomic] True --- [sample-type] metagenomic assembly
GB_GCA_019240075.1	SAMN17140631	19.2822 S 43.5936 W	19.2822 S 43.5936 W	2017-03-06	PRJNA687273	d__Bacteria	p__Actinomycetota	c__Thermoleophilia	o__Solirubrobacterales	f__Solirubrobacteraceae	g__Palsa-465	s__Palsa-465 sp019244395	2017-03-06	Brazil: Minas Gerais		Rhizosphere of Barbacenia macrantha specimens		ENVO:01001790 | ENVO:00000106 | ENVO:00005801	[derived-from] This BioSample is a metagenomic assembly obtained from the rhizosphere metagenome BioSample: SAMN10290266 --- [environmental-sample] 1 --- [isolate] CP_BM_RX_R8_26 --- [metagenome-source] rhizosphere metagenome --- [metagenomic] 1 --- [sample-type] metagenomic assembly
GB_GCA_017306075.1	SAMN18061423	33.95 S 18.46 E	33.95 S 18.46 E	2015-02-26	PRJNA629336	d__Bacteria	p__Pseudomonadota	c__Gammaproteobacteria	o__Burkholderiales	f__Burkholderiaceae	g__Pandoraea	s__Pandoraea pnomenusa	2015-02-26	South Africa: Capetown		biofilm fraction from bioreactor innoculated with Activated Sludge Tailings Effluent Remediation (ASTER); culture conditions: molasses with increasing thiocyanate and no molasses at 250 mg/L thiocyanate		biomaterial containment unit [ENVO:01001816] | bioreactor biome [ENVO:00002123] | anthropogenic environmental material [ENVO:0010001]	[derived_from] This BioSample is a metagenomic assembly obtained from the bioreactor metagenome BioSample SAMN17179652 --- [environmental-sample] 1 --- [isolate] SCN18_26_2_15_R4_B_65_12 --- [metagenome-source] bioreactor metagenome --- [metagenomic] 1 --- [note] biofilm --- [perturbation] molasses with increasing thiocyanate and no molasses at 250 mg/L thiocyanate --- [sample-type] metagenomic assembly
GB_GCA_019419685.1	SAMN19224564	35.68099174 N 139.76901295 E	35.68099174 N 139.76901295 E	2019	PRJNA730993	d__Bacteria	p__Bacillota_A	c__Clostridia	o__Lachnospirales	f__Lachnospiraceae	g__Faecalimonas	s__Faecalimonas umbilicata	2019	Japan	Homo sapiens	feces		Human gut microbiome | Human feces | ENVO:00002041	[biosample of physical sample] SAMD00114724 --- [derived-from] This BioSample is a metagenomic assembly obtained from the publicly available reads deposited in SRA accessions: DRR127478 --- [environmental-sample] 1 --- [isolate] HRGM_Genome_0288 --- [metagenome-source] human gut metagenome --- [metagenomic] 1 --- [sample-type] metagenomic assembly
GB_GCA_018680365.1	SAMN19246861	37.86 S 144.96 E	37.86 S 144.96 E	2018	PRJNA623061	d__Bacteria	p__Actinomycetota	c__Acidimicrobiia	o__UBA5794	f__SHLN01	g__SHLN01	s__SHLN01 sp004283105	2018	Australia: Port Phillip Bay		Beach sand		intertidal zone [ENVO:00000316] | intertidal zone [ENVO:00000316] | Permeable sediment	[depth] 0 - 16 cm --- [derived-from] This BioSample is a metagenomic assembly obtained from the beach sand metagenome BioSample: SAMN14546545, SAMN14546547, SAMN14546549 --- [elev] 0 m --- [environmental-sample] 1 --- [isolate] IDS-57 --- [metagenome-source] beach sand metagenome --- [metagenomic] 1 --- [sample-type] metagenomic assembly
GB_GCA_022013915.1	SAMN19414135	61.14 N 21.29 E	61.14 N 21.29 E	2016-09-29	PRJNA625450	d__Bacteria	p__Acidobacteriota	c__Aminicenantia	o__UBA2199	f__UBA2199	g__UBA2199	s__UBA2199 sp018897435	2016-09-29	Finland: Olkiluoto		groundwater		Underground water [ENVO:00005792] | Groundwater biome [ENVO:01001004] | Groundwater [ENVO:01001004]	[depth] 330.5-337.9 --- [derived-from] SAMN14600457 --- [environmental-sample] 1 --- [isolate] bin S2.79 --- [metagenome-source] groundwater --- [metagenomic] 1 --- [sample-type] metagenomic assembly
GB_GCA_023512015.1	SAMN20023732	54.358300 N 128.541133 W	54.358300 N 128.541133 W	2018-08-21	PRJNA743362	d__Bacteria	p__Actinomycetota	c__Actinomycetia	o__Acidothermales	f__Acidothermaceae	g__Acidothermus	s__Acidothermus sp023512015	2018-08-21	Canada:Terrace, Lakelse Hot Spring		hot spring sediment		ENVO:00000051 | ENVO:00000051 | ENVO:00000051	[derived-from] This BioSample is a metagenomic assembly obtained from the hot springs metagenome BioSamples: SAMN20308259,SAMN20308260,SAMN20308261,SAMN20308262,SAMN20308263,SAMN20308264, SAMN20308265,SAMN20308266,SAMN20308267,SAMN20308268,SAMN20308269,SAMN20308270, SAMN20308271,SAMN20308272,SAMN20308273,SAMN20308274,SAMN20308275,SAMN20308276, SAMN20308277,SAMN20308278,SAMN20308279,and SAMN20308280 --- [environmental-sample] 1 --- [isolate] HOT.MAX.052 --- [metagenome-source] hot springs metagenome --- [metagenomic] 1 --- [sample-type] metagenomic assembly
GB_GCA_022643015.1	SAMN22412528	43.073847 N 89.413972 W	43.073847 N 89.413972 W	2019-12-10	PRJNA768559	d__Bacteria	p__Bacillota_A	c__Clostridia	o__Lachnospirales	f__Lachnospiraceae	g__UBA4285	s__UBA4285 sp900314255	2019-12-10	USA: Madison, WI		anaerobic bioreactor effluent; Solids-removed thin stillage fed, 6 d SRT, 35C, pH 5.5		bioreactor [ENVO:00002123] | anaerobic bioreactor [ENVO:00002124] | biological waste material [ENVO:01000373]	[altitude] 287 m --- [ammonium] 702.6 milligram per liter --- [derived-from] SAMN22064488 --- [diss_oxygen] 0 micromole per kilogram --- [environmental-sample] 1 --- [experimental_factor] Solids-removed thin stillage fed, 6 d SRT, 35C, pH 5.5 --- [isolate] UW_TS_LCO2_3 --- [metagenome-source] bioreactor sludge metagenome --- [metagenomic] 1 --- [ph] 5.5 --- [ref_biomaterial] 3300043961_16 --- [rel_to_oxygen] anaerobe --- [samp_collect_device] Syringe --- [samp_mat_process] Biomass centrifuged 10 min 10,000xg, aliquot frozen for DNA extraction --- [samp_size] 1.5 milliliter --- [samp_store_loc] Freezer --- [samp_store_temp] -80 degree Celcius --- [sample-type] metagenomic assembly --- [source_material_id] R2_28 --- [temp] 35 degree Celcius
GB_GCA_022425325.1	SAMN25339201	38.05772 S 145.11496 E	38.05772 S 145.11496 E	2019	PRJNA801081	d__Bacteria	p__Actinomycetota	c__Acidimicrobiia	o__Acidimicrobiales	f__UBA11606	g__UBA11606	s__UBA11606 sp022425325	2019	Australia: Port Phillip Bay		Surface seawater		ocean [ENVO:00000015] | marine water mass [ENVO:01000686] | sea water [ENVO:00002149]	[depth] 1 m --- [derived-from] This BioSample is a metagenomic assembly obtained from the seawater metagenome BioSamples: SAMN25292444, SAMN25292445, SAMN25292446, SAMN25292447 --- [environmental-sample] 1 --- [isolate] MOX_bin82 --- [metagenome-source] seawater metagenome --- [metagenomic] 1 --- [sample-type] metagenomic assembly
